id,task,framework,fold,result,mode,version,params,tag,utc,duration,models,seed,info,acc,auc,logloss
openml.org/t/7592,adult,GAMA,0,0.931506,local,20.1.0,,stable,2020-06-25T00:31:18,2537.1,50,56351488,,0.876356,0.931506,0.272231
openml.org/t/7592,adult,GAMA,1,0.923526,local,20.1.0,,stable,2020-06-25T00:32:56,2541.9,50,668135033,,0.872876,0.923526,0.284331
openml.org/t/7592,adult,GAMA,2,0.930415,local,20.1.0,,stable,2020-06-25T00:34:32,2540.5,50,3736296948,,0.874079,0.930415,0.27399
openml.org/t/7592,adult,GAMA,3,0.926716,local,20.1.0,,stable,2020-06-25T00:34:45,2537.6,50,2218424059,,0.868755,0.926716,0.279913
openml.org/t/7592,adult,GAMA,4,0.926902,local,20.1.0,,stable,2020-06-25T00:35:33,2541.0,50,1463538766,,0.874079,0.926902,0.279204
openml.org/t/7592,adult,GAMA,5,0.92399,local,20.1.0,,stable,2020-06-25T00:36:19,2541.0,50,4223781838,,0.870803,0.92399,0.283072
openml.org/t/7592,adult,GAMA,6,0.930957,local,20.1.0,,stable,2020-06-25T00:40:51,2540.5,50,1003411290,,0.870803,0.930957,0.273774
openml.org/t/7592,adult,GAMA,7,0.930406,local,20.1.0,,stable,2020-06-25T00:40:19,2540.2,50,2907153270,,0.875307,0.930406,0.275011
openml.org/t/7592,adult,GAMA,8,0.93729,local,20.1.0,,stable,2020-06-25T00:40:48,2542.6,50,1392760795,,0.878993,0.93729,0.263959
openml.org/t/7592,adult,GAMA,9,0.932511,local,20.1.0,,stable,2020-06-25T00:40:54,2540.4,50,3476660232,,0.877764,0.932511,0.269479
openml.org/t/34539,Amazon_employee_access,GAMA,0,0.876248,local,20.1.0,,stable,2020-06-25T00:41:02,2544.5,50,1541500456,,0.946292,0.876248,0.158195
openml.org/t/34539,Amazon_employee_access,GAMA,1,0.866191,local,20.1.0,,stable,2020-06-25T00:41:17,2545.4,50,859839765,,0.947208,0.866191,0.153103
openml.org/t/34539,Amazon_employee_access,GAMA,2,0.862007,local,20.1.0,,stable,2020-06-25T00:41:27,2544.3,50,3173416333,,0.945682,0.862007,0.155586
openml.org/t/34539,Amazon_employee_access,GAMA,3,0.873172,local,20.1.0,,stable,2020-06-25T00:43:39,2544.3,50,4138790824,,0.948428,0.873172,0.157879
openml.org/t/34539,Amazon_employee_access,GAMA,4,0.864149,local,20.1.0,,stable,2020-06-25T00:48:57,2544.6,50,3086614735,,0.95087,0.864149,0.157811
openml.org/t/34539,Amazon_employee_access,GAMA,5,0.867156,local,20.1.0,,stable,2020-06-25T00:53:53,2545.9,50,2628173890,,0.946597,0.867156,0.152942
openml.org/t/34539,Amazon_employee_access,GAMA,6,0.850974,local,20.1.0,,stable,2020-06-25T00:53:55,2545.3,50,1050695717,,0.946903,0.850974,0.156165
openml.org/t/34539,Amazon_employee_access,GAMA,7,0.85983,local,20.1.0,,stable,2020-06-25T00:53:56,2544.4,50,3795802662,,0.947208,0.85983,0.163049
openml.org/t/34539,Amazon_employee_access,GAMA,8,0.892589,local,20.1.0,,stable,2020-06-25T00:54:20,2544.6,50,35937626,,0.95087,0.892589,0.14626
openml.org/t/34539,Amazon_employee_access,GAMA,9,0.887207,local,20.1.0,,stable,2020-06-25T00:55:22,2545.2,50,3826818938,,0.950549,0.887207,0.149544
openml.org/t/168868,APSFailure,GAMA,0,0.990893,local,20.1.0,,stable,2020-06-25T00:56:51,2542.0,50,1387176432,,0.993421,0.990893,0.0826511
openml.org/t/168868,APSFailure,GAMA,1,0.990772,local,20.1.0,,stable,2020-06-25T00:56:46,2544.5,50,2985350595,,0.989737,0.990772,0.0285513
openml.org/t/168868,APSFailure,GAMA,2,0.99498,local,20.1.0,,stable,2020-06-25T00:57:00,2543.5,50,725614666,,0.993158,0.99498,0.0303842
openml.org/t/168868,APSFailure,GAMA,3,0.986899,local,20.1.0,,stable,2020-06-25T00:57:11,2543.3,50,927860578,,0.991184,0.986899,0.0258764
openml.org/t/168868,APSFailure,GAMA,4,0.990907,local,20.1.0,,stable,2020-06-25T00:57:20,2542.9,50,2866725912,,0.993158,0.990907,0.0522857
openml.org/t/168868,APSFailure,GAMA,5,0.991259,local,20.1.0,,stable,2020-06-25T00:57:35,2543.0,50,4213340207,,0.991974,0.991259,0.0508572
openml.org/t/168868,APSFailure,GAMA,6,0.99196,local,20.1.0,,stable,2020-06-25T00:58:35,2548.0,50,1332144828,,0.992895,0.99196,0.0387228
openml.org/t/168868,APSFailure,GAMA,7,0.994596,local,20.1.0,,stable,2020-06-25T00:58:51,2552.9,50,2853534672,,0.991842,0.994596,0.0281781
openml.org/t/168868,APSFailure,GAMA,8,0.990955,local,20.1.0,,stable,2020-06-25T00:58:57,2542.6,50,489907718,,0.991842,0.990955,0.0266194
openml.org/t/168868,APSFailure,GAMA,9,0.990495,local,20.1.0,,stable,2020-06-25T00:59:03,2543.0,50,2795694574,,0.993684,0.990495,0.0245769
openml.org/t/146818,Australian,GAMA,0,0.943973,local,20.1.0,,stable,2020-06-24T22:46:10,2525.8,50,2635442613,,0.869565,0.943973,0.362028
openml.org/t/146818,Australian,GAMA,1,0.92275,local,20.1.0,,stable,2020-06-24T22:46:10,2525.2,50,2987329570,,0.826087,0.92275,0.423691
openml.org/t/146818,Australian,GAMA,2,0.917657,local,20.1.0,,stable,2020-06-24T22:46:23,2525.7,50,173216474,,0.84058,0.917657,0.424974
openml.org/t/146818,Australian,GAMA,3,0.943124,local,20.1.0,,stable,2020-06-24T22:46:34,2527.3,50,569003542,,0.869565,0.943124,0.305306
openml.org/t/146818,Australian,GAMA,4,0.95416,local,20.1.0,,stable,2020-06-24T22:46:34,2527.2,50,1461137084,,0.869565,0.95416,0.270598
openml.org/t/146818,Australian,GAMA,5,0.972835,local,20.1.0,,stable,2020-06-24T22:46:40,2525.6,50,4154181656,,0.913043,0.972835,0.383792
openml.org/t/146818,Australian,GAMA,6,0.905772,local,20.1.0,,stable,2020-06-24T22:46:46,2525.1,50,910214851,,0.811594,0.905772,0.380671
openml.org/t/146818,Australian,GAMA,7,0.94359,local,20.1.0,,stable,2020-06-24T22:46:47,2525.6,50,337971924,,0.898551,0.94359,0.315039
openml.org/t/146818,Australian,GAMA,8,0.960684,local,20.1.0,,stable,2020-06-24T22:47:10,2525.5,50,2516799614,,0.884058,0.960684,0.279031
openml.org/t/146818,Australian,GAMA,9,0.939316,local,20.1.0,,stable,2020-06-24T22:47:19,2526.8,50,2025445055,,0.826087,0.939316,0.319063
openml.org/t/14965,bank-marketing,GAMA,0,0.938766,local,20.1.0,,stable,2020-06-25T00:58:45,2547.5,50,3949594941,,0.907121,0.938766,0.192984
openml.org/t/14965,bank-marketing,GAMA,1,0.934398,local,20.1.0,,stable,2020-06-25T00:58:51,2541.9,50,3914052683,,0.906437,0.934398,0.197872
openml.org/t/14965,bank-marketing,GAMA,2,0.943916,local,20.1.0,,stable,2020-06-25T00:58:54,2541.3,50,3815668679,,0.916169,0.943916,0.185397
openml.org/t/14965,bank-marketing,GAMA,3,0.936928,local,20.1.0,,stable,2020-06-25T00:59:10,2543.5,50,2266027527,,0.909754,0.936928,0.195422
openml.org/t/14965,bank-marketing,GAMA,4,0.938776,local,20.1.0,,stable,2020-06-25T00:59:22,2541.9,50,4264365380,,0.906215,0.938776,0.193603
openml.org/t/14965,bank-marketing,GAMA,5,0.927001,local,20.1.0,,stable,2020-06-25T00:59:50,2551.7,50,2096379500,,0.904888,0.927001,0.204877
openml.org/t/14965,bank-marketing,GAMA,6,0.924758,local,20.1.0,,stable,2020-06-25T01:00:28,2548.6,50,1028594046,,0.902013,0.924758,0.208192
openml.org/t/14965,bank-marketing,GAMA,7,0.943941,local,20.1.0,,stable,2020-06-25T01:00:36,2548.3,50,153429408,,0.907764,0.943941,0.187322
openml.org/t/14965,bank-marketing,GAMA,8,0.935756,local,20.1.0,,stable,2020-06-25T01:00:46,2550.2,50,4100067739,,0.911524,0.935756,0.194587
openml.org/t/14965,bank-marketing,GAMA,9,0.942103,local,20.1.0,,stable,2020-06-25T01:00:44,2542.5,50,273164439,,0.910639,0.942103,0.189036
openml.org/t/10101,blood-transfusion,GAMA,0,0.769493,local,20.1.0,,stable,2020-06-24T22:47:23,2526.7,50,3132347706,,0.76,0.769493,0.493764
openml.org/t/10101,blood-transfusion,GAMA,1,0.839669,local,20.1.0,,stable,2020-06-24T22:47:24,2525.3,50,3189536775,,0.76,0.839669,0.524532
openml.org/t/10101,blood-transfusion,GAMA,2,0.677388,local,20.1.0,,stable,2020-06-24T22:47:32,2526.3,50,3987615769,,0.76,0.677388,0.532132
openml.org/t/10101,blood-transfusion,GAMA,3,0.70809,local,20.1.0,,stable,2020-06-24T22:47:51,2525.2,50,1193911391,,0.746667,0.70809,0.502774
openml.org/t/10101,blood-transfusion,GAMA,4,0.802144,local,20.1.0,,stable,2020-06-24T22:48:03,2525.2,50,3194721665,,0.76,0.802144,0.530581
openml.org/t/10101,blood-transfusion,GAMA,5,0.744152,local,20.1.0,,stable,2020-06-24T22:48:02,2524.7,50,4281148710,,0.76,0.744152,0.529928
openml.org/t/10101,blood-transfusion,GAMA,6,0.771442,local,20.1.0,,stable,2020-06-24T22:48:10,2526.6,50,2173014045,,0.76,0.771442,0.531514
openml.org/t/10101,blood-transfusion,GAMA,7,0.754873,local,20.1.0,,stable,2020-06-24T22:48:21,2525.3,50,3257308635,,0.76,0.754873,0.529363
openml.org/t/10101,blood-transfusion,GAMA,8,0.742518,local,20.1.0,,stable,2020-06-24T22:48:48,2527.5,50,11068119,,0.77027,0.742518,0.519952
openml.org/t/10101,blood-transfusion,GAMA,9,0.74355,local,20.1.0,,stable,2020-06-24T22:49:01,2526.4,50,457014656,,0.77027,0.74355,0.495871
openml.org/t/146821,car,GAMA,0,0.00538059,local,20.1.0,,stable,2020-06-24T22:49:09,2532.8,50,2423895508,,1.0,,0.00538059
openml.org/t/146821,car,GAMA,1,0.00661357,local,20.1.0,,stable,2020-06-24T22:50:10,2532.6,50,626993459,,1.0,,0.00661357
openml.org/t/146821,car,GAMA,2,0.00980106,local,20.1.0,,stable,2020-06-24T22:51:06,2534.2,50,1294873134,,1.0,,0.00980106
openml.org/t/146821,car,GAMA,3,0.0161819,local,20.1.0,,stable,2020-06-24T22:51:23,2538.7,50,1839069438,,0.99422,,0.0161819
openml.org/t/146821,car,GAMA,4,0.0130239,local,20.1.0,,stable,2020-06-24T22:56:22,2534.3,50,2220940706,,1.0,,0.0130239
openml.org/t/146821,car,GAMA,5,0.0287088,local,20.1.0,,stable,2020-06-24T23:00:52,2534.0,50,184990040,,0.99422,,0.0287088
openml.org/t/146821,car,GAMA,6,0.0175156,local,20.1.0,,stable,2020-06-24T23:00:59,2534.2,50,3925142283,,0.99422,,0.0175156
openml.org/t/146821,car,GAMA,7,0.0293949,local,20.1.0,,stable,2020-06-24T23:01:22,2532.8,50,965824802,,0.982659,,0.0293949
openml.org/t/146821,car,GAMA,8,0.00280449,local,20.1.0,,stable,2020-06-24T23:02:17,2538.0,50,3315590315,,1.0,,0.00280449
openml.org/t/146821,car,GAMA,9,0.0158306,local,20.1.0,,stable,2020-06-24T23:02:36,2532.5,50,425680274,,1.0,,0.0158306
openml.org/t/168908,christine,GAMA,0,0.850329,local,20.1.0,,stable,2020-06-24T23:03:25,2539.5,50,3153297468,,0.771218,0.850329,0.54217
openml.org/t/168908,christine,GAMA,1,0.83885,local,20.1.0,,stable,2020-06-24T23:03:24,2533.9,50,2197363452,,0.776753,0.83885,0.523564
openml.org/t/168908,christine,GAMA,2,0.83674,local,20.1.0,,stable,2020-06-24T23:03:37,2535.8,50,3714238192,,0.769373,0.83674,0.535436
openml.org/t/168908,christine,GAMA,3,0.829455,local,20.1.0,,stable,2020-06-24T23:04:08,2533.7,50,3654820646,,0.756458,0.829455,0.51589
openml.org/t/168908,christine,GAMA,4,0.820128,local,20.1.0,,stable,2020-06-24T23:04:17,2533.2,50,3067333026,,0.739852,0.820128,0.526741
openml.org/t/168908,christine,GAMA,5,0.832913,local,20.1.0,,stable,2020-06-24T23:04:28,2534.9,50,1254943786,,0.771218,0.832913,0.517106
openml.org/t/168908,christine,GAMA,6,0.836427,local,20.1.0,,stable,2020-06-24T23:04:58,2534.6,50,2440944135,,0.769373,0.836427,0.520942
openml.org/t/168908,christine,GAMA,7,0.834915,local,20.1.0,,stable,2020-06-24T23:04:48,2534.4,50,3640309139,,0.750923,0.834915,0.506698
openml.org/t/168908,christine,GAMA,8,0.833607,local,20.1.0,,stable,2020-06-24T23:04:35,2533.3,50,402057676,,0.759704,0.833607,0.511177
openml.org/t/168908,christine,GAMA,9,0.802624,local,20.1.0,,stable,2020-06-24T23:06:29,2533.3,50,2678616541,,0.720887,0.802624,0.540475
openml.org/t/9981,cnae-9,GAMA,0,0.0996828,local,20.1.0,,stable,2020-06-24T23:08:02,2534.7,50,3517859666,,0.972222,,0.0996828
openml.org/t/9981,cnae-9,GAMA,1,0.242629,local,20.1.0,,stable,2020-06-24T23:09:37,2527.0,50,810253787,,0.925926,,0.242629
openml.org/t/9981,cnae-9,GAMA,2,0.111945,local,20.1.0,,stable,2020-06-24T23:09:52,2535.2,50,4249547599,,0.962963,,0.111945
openml.org/t/9981,cnae-9,GAMA,3,0.143256,local,20.1.0,,stable,2020-06-24T23:10:20,2523.7,50,3284487513,,0.962963,,0.143256
openml.org/t/9981,cnae-9,GAMA,4,0.111867,local,20.1.0,,stable,2020-06-24T23:10:26,2528.5,50,2239438222,,0.972222,,0.111867
openml.org/t/9981,cnae-9,GAMA,5,0.100711,local,20.1.0,,stable,2020-06-24T23:14:31,2531.4,50,56467145,,0.981481,,0.100711
openml.org/t/9981,cnae-9,GAMA,6,0.150884,local,20.1.0,,stable,2020-06-24T23:15:03,2524.8,50,1166308574,,0.935185,,0.150884
openml.org/t/9981,cnae-9,GAMA,7,0.109441,local,20.1.0,,stable,2020-06-24T23:16:02,2530.3,50,2655983769,,0.953704,,0.109441
openml.org/t/9981,cnae-9,GAMA,8,0.0946652,local,20.1.0,,stable,2020-06-24T23:16:02,2530.0,50,544453477,,0.972222,,0.0946652
openml.org/t/9981,cnae-9,GAMA,9,0.120955,local,20.1.0,,stable,2020-06-24T23:16:00,2527.5,50,1171247469,,0.972222,,0.120955
openml.org/t/146195,connect-4,GAMA,0,0.332354,local,20.1.0,,stable,2020-06-25T01:01:15,2548.3,50,2528229249,,0.869301,,0.332354
openml.org/t/146195,connect-4,GAMA,1,0.442901,local,20.1.0,,stable,2020-06-25T01:01:26,2552.2,50,2812225886,,0.830077,,0.442901
openml.org/t/146195,connect-4,GAMA,2,0.340278,local,20.1.0,,stable,2020-06-25T01:01:57,2546.4,50,2327063233,,0.871226,,0.340278
openml.org/t/146195,connect-4,GAMA,3,0.399104,local,20.1.0,,stable,2020-06-25T01:03:56,2542.7,50,1590899905,,0.852575,,0.399104
openml.org/t/146195,connect-4,GAMA,4,0.338981,local,20.1.0,,stable,2020-06-25T01:08:50,2545.4,50,1208014581,,0.868561,,0.338981
openml.org/t/146195,connect-4,GAMA,5,0.349906,local,20.1.0,,stable,2020-06-25T01:08:44,2542.2,50,175194694,,0.864417,,0.349906
openml.org/t/146195,connect-4,GAMA,6,0.376695,local,20.1.0,,stable,2020-06-25T01:09:06,2544.2,50,2331216613,,0.856572,,0.376695
openml.org/t/146195,connect-4,GAMA,7,0.387607,local,20.1.0,,stable,2020-06-25T01:10:11,2542.6,50,1457470514,,0.851962,,0.387607
openml.org/t/146195,connect-4,GAMA,8,0.387984,local,20.1.0,,stable,2020-06-25T01:10:27,2545.8,50,1589468777,,0.851962,,0.387984
openml.org/t/146195,connect-4,GAMA,9,0.406244,local,20.1.0,,stable,2020-06-25T01:11:12,2544.1,50,2992943342,,0.847668,,0.406244
openml.org/t/31,credit-g,GAMA,0,0.831905,local,20.1.0,,stable,2020-06-24T23:15:59,2525.7,50,1613110271,,0.72,0.831905,0.517621
openml.org/t/31,credit-g,GAMA,1,0.75381,local,20.1.0,,stable,2020-06-24T23:17:38,2526.6,50,35031300,,0.72,0.75381,0.530939
openml.org/t/31,credit-g,GAMA,2,0.756667,local,20.1.0,,stable,2020-06-24T23:18:23,2526.4,50,1035000671,,0.74,0.756667,0.528829
openml.org/t/31,credit-g,GAMA,3,0.785238,local,20.1.0,,stable,2020-06-24T23:19:08,2528.3,50,531382481,,0.77,0.785238,0.519265
openml.org/t/31,credit-g,GAMA,4,0.76,local,20.1.0,,stable,2020-06-24T23:21:09,2525.7,50,3369920474,,0.7,0.76,0.524089
openml.org/t/31,credit-g,GAMA,5,0.811429,local,20.1.0,,stable,2020-06-24T23:23:33,2526.4,50,3498689770,,0.72,0.811429,0.515814
openml.org/t/31,credit-g,GAMA,6,0.820476,local,20.1.0,,stable,2020-06-24T23:28:28,2526.7,50,3904154870,,0.77,0.820476,0.50192
openml.org/t/31,credit-g,GAMA,7,0.837619,local,20.1.0,,stable,2020-06-24T23:28:28,2526.3,50,4215410668,,0.71,0.837619,0.511448
openml.org/t/31,credit-g,GAMA,8,0.799048,local,20.1.0,,stable,2020-06-24T23:28:40,2526.5,50,2130167258,,0.75,0.799048,0.506672
openml.org/t/31,credit-g,GAMA,9,0.78381,local,20.1.0,,stable,2020-06-24T23:28:57,2526.5,50,4278091189,,0.73,0.78381,0.512708
openml.org/t/168909,dilbert,GAMA,0,0.178939,local,20.1.0,,stable,2020-06-24T23:30:07,2539.8,50,3327415863,,0.944,,0.178939
openml.org/t/168909,dilbert,GAMA,1,0.161588,local,20.1.0,,stable,2020-06-24T23:30:33,2541.2,50,4085807850,,0.957,,0.161588
openml.org/t/168909,dilbert,GAMA,2,0.161344,local,20.1.0,,stable,2020-06-24T23:31:52,2543.2,50,2766430185,,0.958,,0.161344
openml.org/t/168909,dilbert,GAMA,3,0.188836,local,20.1.0,,stable,2020-06-24T23:31:36,2543.6,50,529000617,,0.936,,0.188836
openml.org/t/168909,dilbert,GAMA,4,0.177254,local,20.1.0,,stable,2020-06-24T23:33:17,2544.8,50,2732394564,,0.946,,0.177254
openml.org/t/168909,dilbert,GAMA,5,0.150785,local,20.1.0,,stable,2020-06-24T23:30:56,2539.5,50,1055650589,,0.953,,0.150785
openml.org/t/168909,dilbert,GAMA,6,0.179036,local,20.1.0,,stable,2020-06-24T23:32:43,2547.3,50,1876896616,,0.948,,0.179036
openml.org/t/168909,dilbert,GAMA,7,0.160425,local,20.1.0,,stable,2020-06-24T23:34:15,2543.2,50,3592954003,,0.951,,0.160425
openml.org/t/168909,dilbert,GAMA,8,0.13886,local,20.1.0,,stable,2020-06-24T23:33:51,2548.8,50,1458376415,,0.985,,0.13886
openml.org/t/168909,dilbert,GAMA,9,0.177891,local,20.1.0,,stable,2020-06-24T23:32:16,2544.0,50,285221974,,0.946,,0.177891
openml.org/t/168910,fabert,GAMA,0,0.716394,local,20.1.0,,stable,2020-06-24T23:30:50,2542.1,50,1946082482,,0.730583,,0.716394
openml.org/t/168910,fabert,GAMA,1,0.724023,local,20.1.0,,stable,2020-06-24T23:31:08,2548.4,50,513775241,,0.729369,,0.724023
openml.org/t/168910,fabert,GAMA,2,0.760588,local,20.1.0,,stable,2020-06-24T23:31:18,2545.3,50,3249448953,,0.724515,,0.760588
openml.org/t/168910,fabert,GAMA,3,0.741344,local,20.1.0,,stable,2020-06-24T23:32:04,2551.6,50,3365517262,,0.714806,,0.741344
openml.org/t/168910,fabert,GAMA,4,0.747542,local,20.1.0,,stable,2020-06-24T23:32:00,2542.5,50,4070019959,,0.724515,,0.747542
openml.org/t/168910,fabert,GAMA,5,0.701185,local,20.1.0,,stable,2020-06-24T23:33:05,2554.3,50,2934605589,,0.742718,,0.701185
openml.org/t/168910,fabert,GAMA,6,0.765064,local,20.1.0,,stable,2020-06-24T23:33:00,2545.0,50,244958126,,0.694175,,0.765064
openml.org/t/168910,fabert,GAMA,7,0.733217,local,20.1.0,,stable,2020-06-24T23:33:54,2554.2,50,3574132103,,0.7339,,0.733217
openml.org/t/168910,fabert,GAMA,8,0.785275,local,20.1.0,,stable,2020-06-24T23:32:37,2547.5,50,2333356239,,0.705954,,0.785275
openml.org/t/168910,fabert,GAMA,9,0.762989,local,20.1.0,,stable,2020-06-24T23:34:09,2546.0,50,2614593297,,0.703524,,0.762989
openml.org/t/146825,Fashion-MNIST,GAMA,0,0.413075,local,20.1.0,,stable,2020-06-25T01:12:13,2561.2,50,1552243505,,0.863429,,0.413075
openml.org/t/146825,Fashion-MNIST,GAMA,1,0.363739,local,20.1.0,,stable,2020-06-25T01:12:53,2575.1,50,1837633092,,0.879,,0.363739
openml.org/t/146825,Fashion-MNIST,GAMA,2,0.412803,local,20.1.0,,stable,2020-06-25T01:13:08,2557.0,50,3729491546,,0.859857,,0.412803
openml.org/t/146825,Fashion-MNIST,GAMA,3,0.37301,local,20.1.0,,stable,2020-06-25T01:13:12,2568.7,50,3336856079,,0.876143,,0.37301
openml.org/t/146825,Fashion-MNIST,GAMA,4,0.414849,local,20.1.0,,stable,2020-06-25T01:14:11,2557.2,50,803006090,,0.856429,,0.414849
openml.org/t/146825,Fashion-MNIST,GAMA,5,0.383494,local,20.1.0,,stable,2020-06-25T01:13:38,2561.6,50,3317770020,,0.869429,,0.383494
openml.org/t/146825,Fashion-MNIST,GAMA,6,0.357554,local,20.1.0,,stable,2020-06-25T01:15:09,2573.3,50,2049786287,,0.884143,,0.357554
openml.org/t/146825,Fashion-MNIST,GAMA,7,0.398508,local,20.1.0,,stable,2020-06-25T01:14:40,2566.2,50,2329779537,,0.871,,0.398508
openml.org/t/146825,Fashion-MNIST,GAMA,8,0.386304,local,20.1.0,,stable,2020-06-25T01:15:10,2556.7,50,126478942,,0.868571,,0.386304
openml.org/t/146825,Fashion-MNIST,GAMA,9,0.391992,local,20.1.0,,stable,2020-06-25T01:13:56,2564.8,50,615261334,,0.860857,,0.391992
openml.org/t/168911,jasmine,GAMA,0,0.884653,local,20.1.0,,stable,2020-06-24T23:33:31,2530.4,50,2874014703,,0.822742,0.884653,0.388182
openml.org/t/168911,jasmine,GAMA,1,0.901119,local,20.1.0,,stable,2020-06-24T23:34:32,2533.8,50,3349075483,,0.826087,0.901119,0.38062
openml.org/t/168911,jasmine,GAMA,2,0.921119,local,20.1.0,,stable,2020-06-24T23:35:15,2533.2,50,2607602645,,0.849498,0.921119,0.333308
openml.org/t/168911,jasmine,GAMA,3,0.881655,local,20.1.0,,stable,2020-06-24T23:38:46,2530.4,50,2676674522,,0.852843,0.881655,0.37403
openml.org/t/168911,jasmine,GAMA,4,0.894104,local,20.1.0,,stable,2020-06-24T23:43:18,2530.4,50,2778285184,,0.808725,0.894104,0.407722
openml.org/t/168911,jasmine,GAMA,5,0.893879,local,20.1.0,,stable,2020-06-24T23:43:23,2530.7,50,2368226906,,0.825503,0.893879,0.385229
openml.org/t/168911,jasmine,GAMA,6,0.902392,local,20.1.0,,stable,2020-06-24T23:43:49,2534.0,50,1722585375,,0.83557,0.902392,0.378821
openml.org/t/168911,jasmine,GAMA,7,0.865006,local,20.1.0,,stable,2020-06-24T23:43:46,2530.2,50,3567346435,,0.815436,0.865006,0.416484
openml.org/t/168911,jasmine,GAMA,8,0.898113,local,20.1.0,,stable,2020-06-24T23:45:01,2530.9,50,1101103939,,0.848993,0.898113,0.375397
openml.org/t/168911,jasmine,GAMA,9,0.890591,local,20.1.0,,stable,2020-06-24T23:46:08,2534.7,50,1838985401,,0.822148,0.890591,0.375432
openml.org/t/3917,kc1,GAMA,0,0.857105,local,20.1.0,,stable,2020-06-24T23:46:00,2528.1,50,2156095174,,0.876777,0.857105,0.304957
openml.org/t/3917,kc1,GAMA,1,0.850908,local,20.1.0,,stable,2020-06-24T23:46:00,2528.5,50,3427736606,,0.886256,0.850908,0.335108
openml.org/t/3917,kc1,GAMA,2,0.874214,local,20.1.0,,stable,2020-06-24T23:46:27,2528.0,50,212188705,,0.867299,0.874214,0.291483
openml.org/t/3917,kc1,GAMA,3,0.85538,local,20.1.0,,stable,2020-06-24T23:46:40,2531.3,50,3896077060,,0.85782,0.85538,0.346132
openml.org/t/3917,kc1,GAMA,4,0.79571,local,20.1.0,,stable,2020-06-24T23:46:37,2528.5,50,2000722257,,0.843602,0.79571,0.402373
openml.org/t/3917,kc1,GAMA,5,0.842016,local,20.1.0,,stable,2020-06-24T23:46:47,2528.4,50,3650008988,,0.867299,0.842016,0.323986
openml.org/t/3917,kc1,GAMA,6,0.868744,local,20.1.0,,stable,2020-06-24T23:46:55,2528.6,50,2143333735,,0.876777,0.868744,0.334515
openml.org/t/3917,kc1,GAMA,7,0.862274,local,20.1.0,,stable,2020-06-24T23:47:04,2532.4,50,3299818032,,0.853081,0.862274,0.305023
openml.org/t/3917,kc1,GAMA,8,0.900238,local,20.1.0,,stable,2020-06-24T23:47:11,2528.8,50,3750564197,,0.886256,0.900238,0.280282
openml.org/t/3917,kc1,GAMA,9,0.806355,local,20.1.0,,stable,2020-06-24T23:47:17,2528.3,50,2640125905,,0.861905,0.806355,0.383235
openml.org/t/3,kr-vs-kp,GAMA,0,0.999883,local,20.1.0,,stable,2020-06-24T23:48:47,2527.4,50,294114254,,0.99375,0.999883,0.0177462
openml.org/t/3,kr-vs-kp,GAMA,1,0.999843,local,20.1.0,,stable,2020-06-24T23:50:20,2527.3,50,421908831,,0.984375,0.999843,0.0339294
openml.org/t/3,kr-vs-kp,GAMA,2,0.999139,local,20.1.0,,stable,2020-06-24T23:51:55,2527.8,50,2047415004,,0.990625,0.999139,0.0332073
openml.org/t/3,kr-vs-kp,GAMA,3,1.0,local,20.1.0,,stable,2020-06-24T23:52:12,2527.8,50,3218368529,,1.0,1.0,0.00430914
openml.org/t/3,kr-vs-kp,GAMA,4,1.0,local,20.1.0,,stable,2020-06-24T23:52:38,2528.0,50,361760512,,0.996875,1.0,0.00389405
openml.org/t/3,kr-vs-kp,GAMA,5,1.0,local,20.1.0,,stable,2020-06-24T23:52:44,2527.9,50,1787713834,,1.0,1.0,0.00113057
openml.org/t/3,kr-vs-kp,GAMA,6,0.999921,local,20.1.0,,stable,2020-06-24T23:57:20,2527.8,50,1584004440,,0.996865,0.999921,0.0143782
openml.org/t/3,kr-vs-kp,GAMA,7,0.99937,local,20.1.0,,stable,2020-06-24T23:57:30,2529.6,50,2644477079,,0.990596,0.99937,0.0348578
openml.org/t/3,kr-vs-kp,GAMA,8,1.0,local,20.1.0,,stable,2020-06-24T23:58:18,2527.6,50,1720682059,,1.0,1.0,0.00797799
openml.org/t/3,kr-vs-kp,GAMA,9,1.0,local,20.1.0,,stable,2020-06-24T23:58:19,2528.0,50,118309397,,1.0,1.0,0.00156555
openml.org/t/12,mfeat-factors,GAMA,0,0.0855792,local,20.1.0,,stable,2020-06-24T23:58:44,2550.6,50,1916711610,,0.97,,0.0855792
openml.org/t/12,mfeat-factors,GAMA,1,0.0639126,local,20.1.0,,stable,2020-06-24T23:58:33,2540.4,50,1715832549,,0.975,,0.0639126
openml.org/t/12,mfeat-factors,GAMA,2,0.07563,local,20.1.0,,stable,2020-06-25T00:00:55,2540.7,50,857333629,,0.98,,0.07563
openml.org/t/12,mfeat-factors,GAMA,3,0.120576,local,20.1.0,,stable,2020-06-25T00:06:14,2547.2,50,1662489351,,0.97,,0.120576
openml.org/t/12,mfeat-factors,GAMA,4,0.105406,local,20.1.0,,stable,2020-06-25T00:07:55,2550.6,50,194088202,,0.97,,0.105406
openml.org/t/12,mfeat-factors,GAMA,5,0.0838539,local,20.1.0,,stable,2020-06-25T00:11:11,2547.5,50,1712640735,,0.98,,0.0838539
openml.org/t/12,mfeat-factors,GAMA,6,0.0407501,local,20.1.0,,stable,2020-06-25T00:11:09,2545.6,50,2856826604,,0.99,,0.0407501
openml.org/t/12,mfeat-factors,GAMA,7,0.075573,local,20.1.0,,stable,2020-06-25T00:11:11,2540.6,50,2769960052,,0.98,,0.075573
openml.org/t/12,mfeat-factors,GAMA,8,0.0793429,local,20.1.0,,stable,2020-06-25T00:11:37,2549.0,50,1934503846,,0.985,,0.0793429
openml.org/t/12,mfeat-factors,GAMA,9,0.0528646,local,20.1.0,,stable,2020-06-25T00:12:36,2538.6,50,2990181197,,0.995,,0.0528646
openml.org/t/9952,phoneme,GAMA,0,0.971682,local,20.1.0,,stable,2020-06-25T00:12:59,2535.0,50,1004237943,,0.911275,0.971682,0.204875
openml.org/t/9952,phoneme,GAMA,1,0.982276,local,20.1.0,,stable,2020-06-25T00:13:20,2535.2,50,1663272775,,0.933457,0.982276,0.185438
openml.org/t/9952,phoneme,GAMA,2,0.966792,local,20.1.0,,stable,2020-06-25T00:13:24,2535.3,50,3833880820,,0.902033,0.966792,0.220663
openml.org/t/9952,phoneme,GAMA,3,0.962865,local,20.1.0,,stable,2020-06-25T00:13:44,2534.9,50,3458190447,,0.907579,0.962865,0.229662
openml.org/t/9952,phoneme,GAMA,4,0.951504,local,20.1.0,,stable,2020-06-25T00:14:17,2537.7,50,2373179461,,0.914815,0.951504,0.255672
openml.org/t/9952,phoneme,GAMA,5,0.980184,local,20.1.0,,stable,2020-06-25T00:14:18,2534.8,50,2424786327,,0.938889,0.980184,0.189252
openml.org/t/9952,phoneme,GAMA,6,0.984417,local,20.1.0,,stable,2020-06-25T00:14:29,2535.0,50,3049502985,,0.940741,0.984417,0.174017
openml.org/t/9952,phoneme,GAMA,7,0.972737,local,20.1.0,,stable,2020-06-25T00:14:49,2540.8,50,2914935442,,0.922222,0.972737,0.206308
openml.org/t/9952,phoneme,GAMA,8,0.964262,local,20.1.0,,stable,2020-06-25T00:14:44,2535.2,50,2965595583,,0.903704,0.964262,0.226434
openml.org/t/9952,phoneme,GAMA,9,0.973555,local,20.1.0,,stable,2020-06-25T00:15:19,2541.3,50,84560122,,0.927778,0.973555,0.199902
openml.org/t/146822,segment,GAMA,0,0.058487,local,20.1.0,,stable,2020-06-25T00:15:16,2543.6,50,41134632,,0.991342,,0.058487
openml.org/t/146822,segment,GAMA,1,0.0573218,local,20.1.0,,stable,2020-06-25T00:16:17,2549.5,50,3297151129,,0.969697,,0.0573218
openml.org/t/146822,segment,GAMA,2,0.0501758,local,20.1.0,,stable,2020-06-25T00:16:12,2542.6,50,1172892220,,0.978355,,0.0501758
openml.org/t/146822,segment,GAMA,3,0.0266838,local,20.1.0,,stable,2020-06-25T00:16:13,2542.9,50,373061649,,0.987013,,0.0266838
openml.org/t/146822,segment,GAMA,4,0.00869378,local,20.1.0,,stable,2020-06-25T00:16:41,2542.7,50,2823536122,,0.995671,,0.00869378
openml.org/t/146822,segment,GAMA,5,0.0680095,local,20.1.0,,stable,2020-06-25T00:16:56,2550.1,50,405604661,,0.974026,,0.0680095
openml.org/t/146822,segment,GAMA,6,0.0361896,local,20.1.0,,stable,2020-06-25T00:17:01,2551.3,50,708379559,,0.995671,,0.0361896
openml.org/t/146822,segment,GAMA,7,0.103947,local,20.1.0,,stable,2020-06-25T00:17:09,2549.0,50,3203019536,,0.969697,,0.103947
openml.org/t/146822,segment,GAMA,8,0.0207651,local,20.1.0,,stable,2020-06-25T00:17:14,2550.1,50,3699895159,,0.991342,,0.0207651
openml.org/t/146822,segment,GAMA,9,0.05601,local,20.1.0,,stable,2020-06-25T00:17:34,2549.7,50,1563892565,,0.978355,,0.05601
openml.org/t/168912,sylvine,GAMA,0,0.990774,local,20.1.0,,stable,2020-06-25T00:17:38,2536.1,50,1236091919,,0.951267,0.990774,0.149543
openml.org/t/168912,sylvine,GAMA,1,0.995729,local,20.1.0,,stable,2020-06-25T00:18:02,2532.3,50,2735126989,,0.957115,0.995729,0.112703
openml.org/t/168912,sylvine,GAMA,2,0.994072,local,20.1.0,,stable,2020-06-25T00:18:25,2536.8,50,3868972397,,0.959064,0.994072,0.126057
openml.org/t/168912,sylvine,GAMA,3,0.992491,local,20.1.0,,stable,2020-06-25T00:21:10,2532.2,50,298516205,,0.957115,0.992491,0.130584
openml.org/t/168912,sylvine,GAMA,4,0.993301,local,20.1.0,,stable,2020-06-25T00:25:59,2531.9,50,1594085634,,0.955078,0.993301,0.128951
openml.org/t/168912,sylvine,GAMA,5,0.990662,local,20.1.0,,stable,2020-06-25T00:25:59,2532.2,50,620077029,,0.953125,0.990662,0.146769
openml.org/t/168912,sylvine,GAMA,6,0.993683,local,20.1.0,,stable,2020-06-25T00:26:10,2532.5,50,2063743829,,0.951172,0.993683,0.134215
openml.org/t/168912,sylvine,GAMA,7,0.990204,local,20.1.0,,stable,2020-06-25T00:26:56,2536.5,50,3842946882,,0.951172,0.990204,0.138952
openml.org/t/168912,sylvine,GAMA,8,0.994324,local,20.1.0,,stable,2020-06-25T00:27:27,2532.1,50,2430533408,,0.955078,0.994324,0.12994
openml.org/t/168912,sylvine,GAMA,9,0.994019,local,20.1.0,,stable,2020-06-25T00:28:24,2532.4,50,4015189698,,0.960938,0.994019,0.132539
openml.org/t/53,vehicle,GAMA,0,0.361474,local,20.1.0,,stable,2020-06-25T00:28:22,2531.9,50,4008056564,,0.870588,,0.361474
openml.org/t/53,vehicle,GAMA,1,0.411635,local,20.1.0,,stable,2020-06-25T00:28:39,2522.4,50,2807072197,,0.811765,,0.411635
openml.org/t/53,vehicle,GAMA,2,0.344368,local,20.1.0,,stable,2020-06-25T00:28:54,2527.8,50,1871419735,,0.811765,,0.344368
openml.org/t/53,vehicle,GAMA,3,0.339288,local,20.1.0,,stable,2020-06-25T00:29:11,2535.2,50,3319934794,,0.823529,,0.339288
openml.org/t/53,vehicle,GAMA,4,0.388808,local,20.1.0,,stable,2020-06-25T00:29:07,2530.9,50,1087863199,,0.823529,,0.388808
openml.org/t/53,vehicle,GAMA,5,0.330243,local,20.1.0,,stable,2020-06-25T00:29:17,2532.3,50,2158734019,,0.858824,,0.330243
openml.org/t/53,vehicle,GAMA,6,0.377403,local,20.1.0,,stable,2020-06-25T00:29:29,2529.2,50,871043354,,0.821429,,0.377403
openml.org/t/53,vehicle,GAMA,7,0.331283,local,20.1.0,,stable,2020-06-25T00:29:41,2531.0,50,2173337094,,0.821429,,0.331283
openml.org/t/53,vehicle,GAMA,8,0.394438,local,20.1.0,,stable,2020-06-25T00:29:50,2537.2,50,3063138610,,0.809524,,0.394438
openml.org/t/53,vehicle,GAMA,9,0.428555,local,20.1.0,,stable,2020-06-25T00:30:09,2535.5,50,2144893135,,0.809524,,0.428555
openml.org/t/189354,Airlines,GAMA,0,0.727115,local,20.1.0,,stable,2020-06-30T09:42:47,2565.0,50,2502619043,,0.672927,0.727115,0.605538
openml.org/t/189354,Airlines,GAMA,1,0.731105,local,20.1.0,,stable,2020-06-30T09:45:01,2639.7,50,1601662671,,0.674985,0.731105,0.609106
openml.org/t/189354,Airlines,GAMA,2,0.723717,local,20.1.0,,stable,2020-06-30T09:46:27,2691.1,50,917878666,,0.66794,0.723717,0.616707
openml.org/t/189354,Airlines,GAMA,3,0.730289,local,20.1.0,,stable,2020-06-30T09:44:52,2628.6,50,2003258886,,0.674979,0.730289,0.609879
openml.org/t/189354,Airlines,GAMA,4,0.726212,local,20.1.0,,stable,2020-06-30T09:43:36,2569.1,50,3500505345,,0.670993,0.726212,0.605288
openml.org/t/189354,Airlines,GAMA,5,0.722058,local,20.1.0,,stable,2020-06-30T09:43:13,2581.7,50,1332888331,,0.668304,0.722058,0.614357
openml.org/t/189354,Airlines,GAMA,6,0.724681,local,20.1.0,,stable,2020-06-30T09:43:02,2551.4,50,2766071594,,0.670956,0.724681,0.609883
openml.org/t/189354,Airlines,GAMA,7,0.728477,local,20.1.0,,stable,2020-06-30T09:42:59,2606.7,50,3902473447,,0.675331,0.728477,0.605334
openml.org/t/189354,Airlines,GAMA,8,0.727639,local,20.1.0,,stable,2020-06-30T09:42:13,2550.9,50,3424915112,,0.671642,0.727639,0.603473
openml.org/t/189354,Airlines,GAMA,9,0.725305,local,20.1.0,,stable,2020-06-30T09:43:22,2570.1,50,3139247126,,0.672179,0.725305,0.609662
openml.org/t/189356,Albert,GAMA,0,0.754463,local,20.1.0,,stable,2020-06-30T09:59:29,2653.2,50,1687441129,,0.686177,0.754463,0.593535
openml.org/t/189356,Albert,GAMA,1,0.746059,local,20.1.0,,stable,2020-06-30T09:47:00,2654.8,50,475608436,,0.679898,0.746059,0.601448
openml.org/t/189356,Albert,GAMA,2,0.749183,local,20.1.0,,stable,2020-06-30T09:57:51,2650.9,50,1293366674,,0.683026,0.749183,0.600851
openml.org/t/189356,Albert,GAMA,3,0.742715,local,20.1.0,,stable,2020-06-30T09:54:43,2666.3,50,1251443779,,0.675548,0.742715,0.601223
openml.org/t/189356,Albert,GAMA,4,0.744215,local,20.1.0,,stable,2020-06-30T10:00:36,2632.1,50,4150165448,,0.678064,0.744215,0.600118
openml.org/t/189356,Albert,GAMA,5,0.754954,local,20.1.0,,stable,2020-06-30T10:03:00,2659.6,50,1054854961,,0.685824,0.754954,0.592339
openml.org/t/189356,Albert,GAMA,6,0.744076,local,20.1.0,,stable,2020-06-30T09:48:37,2645.0,50,588276320,,0.677594,0.744076,0.603332
openml.org/t/189356,Albert,GAMA,7,0.750982,local,20.1.0,,stable,2020-06-30T09:50:48,2659.7,50,4196435012,,0.680486,0.750982,0.595815
openml.org/t/189356,Albert,GAMA,8,0.74887,local,20.1.0,,stable,2020-06-30T09:52:28,2664.9,50,3421836159,,0.684366,0.74887,0.600935
openml.org/t/189356,Albert,GAMA,9,0.756314,local,20.1.0,,stable,2020-06-30T09:55:11,2633.6,50,3275890706,,0.689093,0.756314,0.591901
openml.org/t/7593,Covertype,GAMA,0,0.570255,local,20.1.0,,stable,2020-06-30T09:40:54,2553.5,50,3411678545,,0.768459,,0.570255
openml.org/t/7593,Covertype,GAMA,1,0.351119,local,20.1.0,,stable,2020-06-30T09:44:30,2551.2,50,2087159070,,0.897181,,0.351119
openml.org/t/7593,Covertype,GAMA,2,0.308613,local,20.1.0,,stable,2020-06-30T09:44:56,2566.3,50,3913113533,,0.915767,,0.308613
openml.org/t/7593,Covertype,GAMA,3,0.464542,local,20.1.0,,stable,2020-06-30T09:42:55,2550.1,50,2927951870,,0.821019,,0.464542
openml.org/t/7593,Covertype,GAMA,4,0.563481,local,20.1.0,,stable,2020-06-30T09:41:46,2551.6,50,3191972417,,0.756286,,0.563481
openml.org/t/7593,Covertype,GAMA,5,0.362545,local,20.1.0,,stable,2020-06-30T09:43:52,2563.2,50,1725775965,,0.875734,,0.362545
openml.org/t/7593,Covertype,GAMA,6,0.459412,local,20.1.0,,stable,2020-06-30T09:41:43,2557.7,50,2778385435,,0.841397,,0.459412
openml.org/t/7593,Covertype,GAMA,7,0.491244,local,20.1.0,,stable,2020-06-30T09:42:08,2556.2,50,4204049081,,0.803669,,0.491244
openml.org/t/7593,Covertype,GAMA,8,0.332754,local,20.1.0,,stable,2020-06-30T09:44:45,2595.2,50,2129215412,,0.901602,,0.332754
openml.org/t/7593,Covertype,GAMA,9,0.363403,local,20.1.0,,stable,2020-06-30T09:43:14,2574.1,50,1073380627,,0.888281,,0.363403
openml.org/t/189355,Dionis,GAMA,0,1.46575,local,20.1.0,,stable,2020-06-30T09:47:52,2823.8,50,4226813183,,0.692616,,1.46575
openml.org/t/189355,Dionis,GAMA,1,1.96783,local,20.1.0,,stable,2020-06-30T09:47:26,2672.7,50,2181335273,,0.553401,,1.96783
openml.org/t/189355,Dionis,GAMA,2,1.57375,local,20.1.0,,stable,2020-06-30T09:49:12,2653.2,50,811062978,,0.714289,,1.57375
openml.org/t/189355,Dionis,GAMA,3,1.5739,local,20.1.0,,stable,2020-06-30T09:46:08,2710.8,50,918211086,,0.682861,,1.5739
openml.org/t/189355,Dionis,GAMA,4,1.17877,local,20.1.0,,stable,2020-06-30T09:52:08,2834.9,50,1876143261,,0.736226,,1.17877
openml.org/t/189355,Dionis,GAMA,5,1.29213,local,20.1.0,,stable,2020-06-30T09:47:43,2804.2,50,3649971851,,0.728345,,1.29213
openml.org/t/189355,Dionis,GAMA,6,1.31421,local,20.1.0,,stable,2020-06-30T09:45:25,2659.4,50,2228687182,,0.719215,,1.31421
openml.org/t/189355,Dionis,GAMA,7,1.72098,local,20.1.0,,stable,2020-06-30T09:47:08,2622.0,44,3986269229,,0.5911,,1.72098
openml.org/t/189355,Dionis,GAMA,8,1.71106,local,20.1.0,,stable,2020-06-30T09:48:35,2626.6,50,3489822078,,0.640636,,1.71106
openml.org/t/189355,Dionis,GAMA,9,1.21751,local,20.1.0,,stable,2020-06-30T09:49:39,2748.6,50,3161253462,,0.728819,,1.21751
openml.org/t/168337,guillermo,GAMA,0,0.88105,local,20.1.0,,stable,2020-06-25T20:43:55,2565.3,50,3057408882,,0.7955,0.88105,0.487098
openml.org/t/168337,guillermo,GAMA,1,0.886141,local,20.1.0,,stable,2020-06-25T21:21:30,2567.4,50,1440950377,,0.7985,0.886141,0.449399
openml.org/t/168337,guillermo,GAMA,2,0.899176,local,20.1.0,,stable,2020-06-25T20:53:23,2566.6,50,2170498371,,0.8075,0.899176,0.471598
openml.org/t/168337,guillermo,GAMA,3,0.891736,local,20.1.0,,stable,2020-06-25T21:02:59,2566.3,50,242468556,,0.8305,0.891736,0.464969
openml.org/t/168337,guillermo,GAMA,4,0.893813,local,20.1.0,,stable,2020-06-25T20:48:36,2564.8,50,709458862,,0.8105,0.893813,0.452616
openml.org/t/168337,guillermo,GAMA,5,0.890705,local,20.1.0,,stable,2020-06-25T21:26:26,2564.4,50,987355098,,0.824,0.890705,0.424437
openml.org/t/168337,guillermo,GAMA,6,0.870688,local,20.1.0,,stable,2020-06-25T21:17:18,2568.3,50,1960485154,,0.793,0.870688,0.47255
openml.org/t/168337,guillermo,GAMA,7,0.863262,local,20.1.0,,stable,2020-06-25T21:07:45,2565.9,50,4110498443,,0.791,0.863262,0.500269
openml.org/t/168337,guillermo,GAMA,8,0.883592,local,20.1.0,,stable,2020-06-25T21:12:34,2568.6,50,1589555548,,0.831,0.883592,0.435769
openml.org/t/168337,guillermo,GAMA,9,0.915195,local,20.1.0,,stable,2020-06-25T20:58:14,2566.8,50,1474571135,,0.8305,0.915195,0.413088
openml.org/t/168329,Helena,GAMA,0,2.75157,local,20.1.0,,stable,2020-06-29T22:17:16,3323.5,50,2134954311,,0.345706,,2.75157
openml.org/t/168329,Helena,GAMA,1,2.76536,local,20.1.0,,stable,2020-06-29T22:15:18,3113.2,50,811484999,,0.351994,,2.76536
openml.org/t/168329,Helena,GAMA,2,2.8181,local,20.1.0,,stable,2020-06-29T22:11:17,2739.6,50,947905834,,0.338344,,2.8181
openml.org/t/168329,Helena,GAMA,3,2.75066,local,20.1.0,,stable,2020-06-29T22:12:01,2964.1,50,2690353245,,0.346472,,2.75066
openml.org/t/168329,Helena,GAMA,4,2.81855,local,20.1.0,,stable,2020-06-29T22:10:22,2685.7,50,4074839240,,0.339264,,2.81855
openml.org/t/168329,Helena,GAMA,5,2.75772,local,20.1.0,,stable,2020-06-29T22:13:26,2977.9,50,553976864,,0.341411,,2.75772
openml.org/t/168329,Helena,GAMA,6,2.68547,local,20.1.0,,stable,2020-06-29T22:13:40,2867.4,50,1932328818,,0.36432,,2.68547
openml.org/t/168329,Helena,GAMA,7,2.79013,local,20.1.0,,stable,2020-06-29T22:19:26,3116.1,50,186597798,,0.337782,,2.79013
openml.org/t/168329,Helena,GAMA,8,2.73823,local,20.1.0,,stable,2020-06-29T22:15:27,3023.1,50,2592333988,,0.352355,,2.73823
openml.org/t/168329,Helena,GAMA,9,2.73488,local,20.1.0,,stable,2020-06-29T22:14:17,2844.4,50,898691080,,0.350207,,2.73488
openml.org/t/146606,higgs,GAMA,0,0.806858,local,20.1.0,,stable,2020-06-25T20:58:25,2559.8,50,3883275774,,0.724426,0.806858,0.563217
openml.org/t/146606,higgs,GAMA,1,0.80201,local,20.1.0,,stable,2020-06-25T20:57:46,2545.3,50,3347909008,,0.722183,0.80201,0.550612
openml.org/t/146606,higgs,GAMA,2,0.80869,local,20.1.0,,stable,2020-06-25T20:58:42,2543.6,50,3487607592,,0.728404,0.80869,0.551876
openml.org/t/146606,higgs,GAMA,3,0.808976,local,20.1.0,,stable,2020-06-25T21:00:09,2548.9,50,2235800048,,0.726772,0.808976,0.551342
openml.org/t/146606,higgs,GAMA,4,0.809409,local,20.1.0,,stable,2020-06-25T21:02:06,2539.3,50,3320552982,,0.726976,0.809409,0.555895
openml.org/t/146606,higgs,GAMA,5,0.807574,local,20.1.0,,stable,2020-06-25T21:02:04,2538.3,50,2729240252,,0.728608,0.807574,0.554989
openml.org/t/146606,higgs,GAMA,6,0.804725,local,20.1.0,,stable,2020-06-25T21:04:10,2542.8,50,2890624602,,0.724222,0.804725,0.563631
openml.org/t/146606,higgs,GAMA,7,0.799186,local,20.1.0,,stable,2020-06-25T21:04:40,2538.1,50,258392765,,0.719123,0.799186,0.569554
openml.org/t/146606,higgs,GAMA,8,0.795171,local,20.1.0,,stable,2020-06-25T21:03:19,2546.0,50,2617080657,,0.716369,0.795171,0.559979
openml.org/t/146606,higgs,GAMA,9,0.818227,local,20.1.0,,stable,2020-06-25T21:03:32,2554.9,50,2490884290,,0.736155,0.818227,0.548631
openml.org/t/168330,Jannis,GAMA,0,0.727307,local,20.1.0,,stable,2020-06-25T21:03:11,2533.7,50,2554650581,,0.699188,,0.727307
openml.org/t/168330,Jannis,GAMA,1,0.698007,local,20.1.0,,stable,2020-06-25T21:03:29,2547.6,50,1713677563,,0.720802,,0.698007
openml.org/t/168330,Jannis,GAMA,2,0.711059,local,20.1.0,,stable,2020-06-25T21:03:41,2540.0,50,499839058,,0.717339,,0.711059
openml.org/t/168330,Jannis,GAMA,3,0.70371,local,20.1.0,,stable,2020-06-25T21:03:58,2567.3,50,1809009819,,0.714917,,0.70371
openml.org/t/168330,Jannis,GAMA,4,0.721353,local,20.1.0,,stable,2020-06-25T21:03:32,2539.8,50,2639208554,,0.711931,,0.721353
openml.org/t/168330,Jannis,GAMA,5,0.723115,local,20.1.0,,stable,2020-06-25T21:03:45,2542.9,50,500136012,,0.713245,,0.723115
openml.org/t/168330,Jannis,GAMA,6,0.729933,local,20.1.0,,stable,2020-06-25T21:04:05,2545.5,50,1170441365,,0.701063,,0.729933
openml.org/t/168330,Jannis,GAMA,7,0.712067,local,20.1.0,,stable,2020-06-25T21:04:26,2536.5,50,880255608,,0.709423,,0.712067
openml.org/t/168330,Jannis,GAMA,8,0.720364,local,20.1.0,,stable,2020-06-25T21:05:35,2547.6,50,1531944009,,0.712528,,0.720364
openml.org/t/168330,Jannis,GAMA,9,0.712295,local,20.1.0,,stable,2020-06-25T21:06:56,2544.6,50,3136416432,,0.705721,,0.712295
openml.org/t/167119,jungle_chess_2pcs_raw_endgame_complete,GAMA,0,0.241143,local,20.1.0,,stable,2020-06-25T21:06:39,2545.4,50,3620504373,,0.849844,,0.241143
openml.org/t/167119,jungle_chess_2pcs_raw_endgame_complete,GAMA,1,0.253531,local,20.1.0,,stable,2020-06-25T21:06:38,2543.1,50,1502684716,,0.863454,,0.253531
openml.org/t/167119,jungle_chess_2pcs_raw_endgame_complete,GAMA,2,0.258333,local,20.1.0,,stable,2020-06-25T21:14:57,2553.6,50,3882454017,,0.865016,,0.258333
openml.org/t/167119,jungle_chess_2pcs_raw_endgame_complete,GAMA,3,0.237323,local,20.1.0,,stable,2020-06-25T21:17:48,2546.2,50,3876971742,,0.86747,,0.237323
openml.org/t/167119,jungle_chess_2pcs_raw_endgame_complete,GAMA,4,0.21407,local,20.1.0,,stable,2020-06-25T21:19:04,2550.0,50,2107271469,,0.934181,,0.21407
openml.org/t/167119,jungle_chess_2pcs_raw_endgame_complete,GAMA,5,0.216458,local,20.1.0,,stable,2020-06-25T21:19:40,2541.5,50,1510939616,,0.912093,,0.216458
openml.org/t/167119,jungle_chess_2pcs_raw_endgame_complete,GAMA,6,0.214699,local,20.1.0,,stable,2020-06-25T21:19:50,2541.2,50,1059045795,,0.933289,,0.214699
openml.org/t/167119,jungle_chess_2pcs_raw_endgame_complete,GAMA,7,0.244936,local,20.1.0,,stable,2020-06-25T21:21:02,2539.7,50,4201512917,,0.896475,,0.244936
openml.org/t/167119,jungle_chess_2pcs_raw_endgame_complete,GAMA,8,0.230772,local,20.1.0,,stable,2020-06-25T21:21:09,2541.6,50,3170917674,,0.926372,,0.230772
openml.org/t/167119,jungle_chess_2pcs_raw_endgame_complete,GAMA,9,0.21065,local,20.1.0,,stable,2020-06-25T21:22:52,2541.7,50,1796286110,,0.934613,,0.21065
openml.org/t/3945,KDDCup09_appetency,GAMA,0,0.833204,local,20.1.0,,stable,2020-06-25T21:24:10,2570.4,50,836129869,,0.9822,0.833204,0.0767894
openml.org/t/3945,KDDCup09_appetency,GAMA,1,0.813382,local,20.1.0,,stable,2020-06-25T21:24:08,2556.7,50,2033458127,,0.9822,0.813382,0.0784488
openml.org/t/3945,KDDCup09_appetency,GAMA,2,0.819447,local,20.1.0,,stable,2020-06-25T21:39:59,2557.8,50,4005093113,,0.9822,0.819447,0.083392
openml.org/t/3945,KDDCup09_appetency,GAMA,3,0.797476,local,20.1.0,,stable,2020-06-25T21:41:05,2571.6,50,132625048,,0.9822,0.797476,0.0816277
openml.org/t/3945,KDDCup09_appetency,GAMA,4,0.844783,local,20.1.0,,stable,2020-06-25T21:41:11,2558.1,50,1455253975,,0.9822,0.844783,0.0771531
openml.org/t/3945,KDDCup09_appetency,GAMA,5,0.816317,local,20.1.0,,stable,2020-06-25T21:41:41,2557.9,50,1087039068,,0.9822,0.816317,0.214821
openml.org/t/3945,KDDCup09_appetency,GAMA,6,0.810675,local,20.1.0,,stable,2020-06-25T21:42:17,2559.9,50,1779390791,,0.9822,0.810675,0.0798508
openml.org/t/3945,KDDCup09_appetency,GAMA,7,0.824453,local,20.1.0,,stable,2020-06-25T21:42:47,2571.0,50,3921226731,,0.9822,0.824453,0.0795993
openml.org/t/3945,KDDCup09_appetency,GAMA,8,0.791539,local,20.1.0,,stable,2020-06-25T21:42:56,2568.7,50,14760962,,0.9822,0.791539,0.225941
openml.org/t/3945,KDDCup09_appetency,GAMA,9,0.808167,local,20.1.0,,stable,2020-06-25T23:03:52,2558.4,50,1323656515,,0.9822,0.808167,0.078418
openml.org/t/168335,MiniBooNE,GAMA,0,0.980744,local,20.1.0,,stable,2020-06-25T23:03:46,2541.8,50,413149669,,0.936034,0.980744,0.271278
openml.org/t/168335,MiniBooNE,GAMA,1,0.980923,local,20.1.0,,stable,2020-06-25T23:04:12,2541.3,50,1065546443,,0.932882,0.980923,0.185974
openml.org/t/168335,MiniBooNE,GAMA,2,0.981762,local,20.1.0,,stable,2020-06-25T23:05:56,2540.7,50,4182337520,,0.934727,0.981762,0.213643
openml.org/t/168335,MiniBooNE,GAMA,3,0.983738,local,20.1.0,,stable,2020-06-25T23:07:04,2538.7,50,1728080033,,0.942723,0.983738,0.153924
openml.org/t/168335,MiniBooNE,GAMA,4,0.9832,local,20.1.0,,stable,2020-06-25T23:07:08,2534.8,50,121570601,,0.939643,0.9832,0.156733
openml.org/t/168335,MiniBooNE,GAMA,5,0.982969,local,20.1.0,,stable,2020-06-25T23:09:46,2540.9,50,1861710090,,0.942488,0.982969,0.161465
openml.org/t/168335,MiniBooNE,GAMA,6,0.984429,local,20.1.0,,stable,2020-06-25T23:09:59,2544.9,50,2770653441,,0.942181,0.984429,0.266257
openml.org/t/168335,MiniBooNE,GAMA,7,0.984635,local,20.1.0,,stable,2020-06-25T23:09:48,2535.1,50,1305093670,,0.93503,0.984635,0.2782
openml.org/t/168335,MiniBooNE,GAMA,8,0.984054,local,20.1.0,,stable,2020-06-25T23:10:17,2537.6,50,3544188700,,0.942181,0.984054,0.18576
openml.org/t/168335,MiniBooNE,GAMA,9,0.985463,local,20.1.0,,stable,2020-06-25T23:12:55,2536.5,50,173851965,,0.944718,0.985463,0.148514
openml.org/t/9977,nomao,GAMA,0,0.995514,local,20.1.0,,stable,2020-06-25T23:12:56,2541.7,50,1831280705,,0.97418,0.995514,0.078889
openml.org/t/9977,nomao,GAMA,1,0.99666,local,20.1.0,,stable,2020-06-25T23:12:41,2539.3,50,3018347139,,0.974761,0.99666,0.0677539
openml.org/t/9977,nomao,GAMA,2,0.995372,local,20.1.0,,stable,2020-06-25T23:12:36,2540.3,50,2044672008,,0.971569,0.995372,0.0769615
openml.org/t/9977,nomao,GAMA,3,0.997041,local,20.1.0,,stable,2020-06-25T23:12:47,2540.1,50,1138646829,,0.975921,0.997041,0.0655072
openml.org/t/9977,nomao,GAMA,4,0.995829,local,20.1.0,,stable,2020-06-25T23:12:45,2540.2,50,2950293562,,0.975051,0.995829,0.0754547
openml.org/t/9977,nomao,GAMA,5,0.996215,local,20.1.0,,stable,2020-06-25T23:12:55,2540.1,50,3839127310,,0.9704,0.996215,0.0729132
openml.org/t/9977,nomao,GAMA,6,0.995512,local,20.1.0,,stable,2020-06-25T23:12:42,2540.5,50,555071123,,0.971561,0.995512,0.0769096
openml.org/t/9977,nomao,GAMA,7,0.996955,local,20.1.0,,stable,2020-06-25T23:12:41,2540.3,50,1039123629,,0.976204,0.996955,0.0626818
openml.org/t/9977,nomao,GAMA,8,0.995048,local,20.1.0,,stable,2020-06-25T23:12:50,2540.2,50,153400467,,0.972432,0.995048,0.0771627
openml.org/t/9977,nomao,GAMA,9,0.995077,local,20.1.0,,stable,2020-06-25T23:13:31,2541.5,50,1448450790,,0.965757,0.995077,0.0851195
openml.org/t/167120,numerai28.6,GAMA,0,0.526135,local,20.1.0,,stable,2020-06-25T23:15:16,2543.7,50,526345342,,0.517442,0.526135,0.692069
openml.org/t/167120,numerai28.6,GAMA,1,0.528884,local,20.1.0,,stable,2020-06-25T23:16:28,2541.2,50,3302234483,,0.523775,0.528884,0.691646
openml.org/t/167120,numerai28.6,GAMA,2,0.527079,local,20.1.0,,stable,2020-06-25T23:18:09,2543.4,50,3846154237,,0.514431,0.527079,0.692877
openml.org/t/167120,numerai28.6,GAMA,3,0.523592,local,20.1.0,,stable,2020-06-25T23:18:53,2556.6,50,299818553,,0.523463,0.523592,0.692492
openml.org/t/167120,numerai28.6,GAMA,4,0.537782,local,20.1.0,,stable,2020-06-25T23:23:25,2538.9,50,1468514750,,0.526993,0.537782,0.691323
openml.org/t/167120,numerai28.6,GAMA,5,0.527856,local,20.1.0,,stable,2020-06-25T23:25:18,2573.1,50,1134366171,,0.519414,0.527856,0.691727
openml.org/t/167120,numerai28.6,GAMA,6,0.53746,local,20.1.0,,stable,2020-06-25T23:26:31,2540.1,50,2820505640,,0.525228,0.53746,0.691006
openml.org/t/167120,numerai28.6,GAMA,7,0.532769,local,20.1.0,,stable,2020-06-25T23:27:22,2547.3,50,1137782290,,0.520453,0.532769,0.691138
openml.org/t/167120,numerai28.6,GAMA,8,0.531682,local,20.1.0,,stable,2020-06-25T23:28:05,2549.7,50,3785161136,,0.523463,0.531682,0.691606
openml.org/t/167120,numerai28.6,GAMA,9,0.530649,local,20.1.0,,stable,2020-06-25T23:31:22,2540.5,50,835525598,,0.522321,0.530649,0.691355
openml.org/t/168338,riccardo,GAMA,0,0.999556,local,20.1.0,,stable,2020-06-25T23:43:44,2565.5,50,1709249656,,0.9965,0.999556,0.140246
openml.org/t/168338,riccardo,GAMA,1,0.999584,local,20.1.0,,stable,2020-06-25T23:48:37,2564.7,50,531199224,,0.9925,0.999584,0.202026
openml.org/t/168338,riccardo,GAMA,2,0.999885,local,20.1.0,,stable,2020-06-26T00:08:17,2564.9,50,1671243971,,0.9795,0.999885,0.227064
openml.org/t/168338,riccardo,GAMA,3,0.999857,local,20.1.0,,stable,2020-06-26T00:17:52,2564.3,50,2513148878,,0.995,0.999857,0.180855
openml.org/t/168338,riccardo,GAMA,4,0.999965,local,20.1.0,,stable,2020-06-25T23:53:17,2565.7,50,4211223264,,0.9275,0.999965,0.265247
openml.org/t/168338,riccardo,GAMA,5,0.999807,local,20.1.0,,stable,2020-06-26T00:27:23,2565.0,50,2012251300,,0.9965,0.999807,0.211279
openml.org/t/168338,riccardo,GAMA,6,0.999499,local,20.1.0,,stable,2020-06-26T00:00:15,2579.8,50,1211000117,,0.915,0.999499,0.297428
openml.org/t/168338,riccardo,GAMA,7,0.999572,local,20.1.0,,stable,2020-06-26T00:03:36,2565.6,50,2398196771,,0.9965,0.999572,0.201022
openml.org/t/168338,riccardo,GAMA,8,0.999941,local,20.1.0,,stable,2020-06-26T00:13:06,2564.6,50,1369397490,,0.961,0.999941,0.234923
openml.org/t/168338,riccardo,GAMA,9,0.999549,local,20.1.0,,stable,2020-06-26T00:22:38,2565.5,50,377127111,,0.9925,0.999549,0.198305
openml.org/t/168332,Robert,GAMA,0,1.66375,local,20.1.0,,stable,2020-06-25T23:57:56,2561.0,50,337915976,,0.412,,1.66375
openml.org/t/168332,Robert,GAMA,1,1.7018,local,20.1.0,,stable,2020-06-26T00:30:40,2562.3,50,3244635278,,0.423,,1.7018
openml.org/t/168332,Robert,GAMA,2,1.65421,local,20.1.0,,stable,2020-06-26T00:25:18,2563.6,50,95445269,,0.428,,1.65421
openml.org/t/168332,Robert,GAMA,3,1.6972,local,20.1.0,,stable,2020-06-26T00:15:47,2572.5,50,2695216547,,0.412,,1.6972
openml.org/t/168332,Robert,GAMA,4,1.63311,local,20.1.0,,stable,2020-06-26T00:19:51,2561.6,50,4253709959,,0.429,,1.63311
openml.org/t/168332,Robert,GAMA,5,1.67223,local,20.1.0,,stable,2020-06-26T00:08:32,2561.9,50,2468433531,,0.433,,1.67223
openml.org/t/168332,Robert,GAMA,6,1.61422,local,20.1.0,,stable,2020-06-26T00:42:01,2559.9,50,3648901970,,0.438,,1.61422
openml.org/t/168332,Robert,GAMA,7,1.67406,local,20.1.0,,stable,2020-06-26T00:37:48,2571.5,50,2292801550,,0.428,,1.67406
openml.org/t/168332,Robert,GAMA,8,1.68901,local,20.1.0,,stable,2020-06-26T00:03:12,2557.9,50,335308208,,0.416,,1.68901
openml.org/t/168332,Robert,GAMA,9,1.6665,local,20.1.0,,stable,2020-06-26T00:47:12,2562.3,50,1130830359,,0.437,,1.6665
openml.org/t/146212,Shuttle,GAMA,0,0.000546611,local,20.1.0,,stable,2020-06-25T23:55:18,2543.0,50,4138113777,,0.999655,,0.000546611
openml.org/t/146212,Shuttle,GAMA,1,0.000451224,local,20.1.0,,stable,2020-06-25T23:55:20,2542.8,50,1653396875,,0.999828,,0.000451224
openml.org/t/146212,Shuttle,GAMA,2,0.000178885,local,20.1.0,,stable,2020-06-25T23:55:26,2542.4,50,929498729,,1.0,,0.000178885
openml.org/t/146212,Shuttle,GAMA,3,0.00101327,local,20.1.0,,stable,2020-06-25T23:55:28,2542.8,50,1910404744,,0.999828,,0.00101327
openml.org/t/146212,Shuttle,GAMA,4,0.000356655,local,20.1.0,,stable,2020-06-25T23:55:28,2542.1,50,1120131427,,1.0,,0.000356655
openml.org/t/146212,Shuttle,GAMA,5,0.000537188,local,20.1.0,,stable,2020-06-25T23:55:32,2542.6,50,9081690,,1.0,,0.000537188
openml.org/t/146212,Shuttle,GAMA,6,0.000452565,local,20.1.0,,stable,2020-06-25T23:55:33,2542.3,50,3039658200,,0.999828,,0.000452565
openml.org/t/146212,Shuttle,GAMA,7,0.000511073,local,20.1.0,,stable,2020-06-25T23:55:33,2542.5,50,2994007158,,1.0,,0.000511073
openml.org/t/146212,Shuttle,GAMA,8,0.00105188,local,20.1.0,,stable,2020-06-25T23:55:43,2548.6,50,3550917576,,0.999655,,0.00105188
openml.org/t/146212,Shuttle,GAMA,9,0.000351645,local,20.1.0,,stable,2020-06-25T23:56:26,2542.1,50,3435795583,,1.0,,0.000351645
openml.org/t/168331,Volkert,GAMA,0,0.97377,local,20.1.0,,stable,2020-06-25T23:58:42,2562.3,50,882454296,,0.662322,,0.97377
openml.org/t/168331,Volkert,GAMA,1,0.962962,local,20.1.0,,stable,2020-06-25T23:59:43,2550.7,50,2623165073,,0.671754,,0.962962
openml.org/t/168331,Volkert,GAMA,2,0.965072,local,20.1.0,,stable,2020-06-26T00:01:39,2564.3,50,2170156094,,0.672783,,0.965072
openml.org/t/168331,Volkert,GAMA,3,0.986482,local,20.1.0,,stable,2020-06-26T00:03:16,2570.5,50,4115291445,,0.671754,,0.986482
openml.org/t/168331,Volkert,GAMA,4,0.979103,local,20.1.0,,stable,2020-06-26T00:04:05,2555.3,50,3422336752,,0.676042,,0.979103
openml.org/t/168331,Volkert,GAMA,5,0.977556,local,20.1.0,,stable,2020-06-26T00:07:22,2551.9,50,1247004567,,0.67124,,0.977556
openml.org/t/168331,Volkert,GAMA,6,0.982234,local,20.1.0,,stable,2020-06-26T00:10:02,2569.8,50,3297611201,,0.664895,,0.982234
openml.org/t/168331,Volkert,GAMA,7,0.987285,local,20.1.0,,stable,2020-06-26T00:10:15,2559.1,50,1362447343,,0.655462,,0.987285
openml.org/t/168331,Volkert,GAMA,8,0.967902,local,20.1.0,,stable,2020-06-26T00:13:11,2621.9,50,3938316631,,0.66661,,0.967902
openml.org/t/168331,Volkert,GAMA,9,1.01015,local,20.1.0,,stable,2020-06-26T00:12:45,2578.2,50,673424113,,0.658892,,1.01015
